sample	pairs_aligned_0times	pairs_aligned_1times	pairs_aligned_morethan1times	conservativepk	filtconservpk	optimalpk1	filtoptpk1	intersfiltoptpk1	optimalpk2	filtoptpk2	intersfiltoptpk2	optpkpooled	filtoptpooled	intersfiltoptpooled	rescue	selfconsist
EB1	54500418	17023240	13242472	115432	46275	97809	38876	38876	149617	80330	80330	149906	78688	78688	1.70044	2.06631
EB2	27869620	22578821	17501414	NA	NA	NA	NA	NA	NA	NA	NA	NA	NA	NA	0	0
EG1	47036834	19380573	13399632	106862	48416	132906	72993	72993	77753	39903	39903	142263	79216	79216	1.63615	1.82926
EG2	28034720	22417143	15172700	NA	NA	NA	NA	NA	NA	NA	NA	NA	NA	NA	0	0
MG1	46921196	11347557	8266942	93885	43317	90068	45766	45766	116762	65071	65071	121159	69042	69042	1.59388	1.42182
MG2	51285766	20618277	12399296	NA	NA	NA	NA	NA	NA	NA	NA	NA	NA	NA	0	0
LG1	22395247	22888143	14142748	126050	64713	109983	62904	62904	130744	78270	78270	155670	96768	96768	1.49534	1.2448
LG2	36100447	29784136	18523934	NA	NA	NA	NA	NA	NA	NA	NA	NA	NA	NA	0	0
